Gender,Age,Height,Weight,BMR,Calories
0,29,165,101,1901.25,2281.502
1,25,165,53,1275.25,2422.978
0,23,170,70,1652.5,1983
0,22,168,112,2065,2478
0,19,175,67,1673.75,2594.313
0,24,165,70,1616.25,1939.502
0,30,155,90,1723.75,2068.498
0,16,157,73,1636.25,1963.502
0,23,183,110,2133.75,2560.498
0,23,168,49,1430,1716
0,32,165,46,1336.25,1603.502
0,18,180,110,2140,2942.495
1,22,155,43,1127.75,1353.298
0,25,173,69,1651.25,2848.407
0,26,168,52,1445,1734
0,22,165,75,1676.25,2011.502
0,20,170,60,1567.5,1881
0,24,170,90,1847.5,2217
1,44,165,92,1570.25,1884.302
0,21,168,90,1850,2543.756
0,34,155,88,1683.75,2020.498
0,20,163,49,1413.75,1696.498
0,36,155,120,1993.75,2392.498
1,28,157,75,1430.25,1716.302
0,21,168,65,1600,2480.003
0,22,168,105,1995,2394
1,22,163,61,1357.75,1629.298
0,24,173,61,1576.25,2167.345
0,24,168,77,1705,2046
1,52,160,78,1359,1630.8
0,21,180,64,1665,3163.502
0,51,170,51,1322.5,1587
0,30,168,91,1815,2495.628
0,21,160,45,1350,1620
0,26,163,47,1363.75,1636.498
0,24,163,107,1973.75,2368.498
0,22,165,110,2026.25,2431.502
1,29,163,82,1532.75,2107.531
0,21,168,67,1620,1944
0,22,173,80,1776.25,2131.502
1,32,142,96,1526.5,1831.8
1,37,155,78,1402.75,1683.298
0,25,160,104,1920,2304
1,24,165,61,1360.25,1632.302
0,35,163,62,1468.75,1762.498
1,29,152,98,1624,1948.8
0,26,173,96,1916.25,2634.84
0,26,170,94,1877.5,2253
1,34,152,58,1199,1438.8
0,28,170,109,2017.5,2421
1,27,157,77,1455.25,1746.302
1,21,163,92,1672.75,2007.298
0,44,157,55,1316.25,1579.502
1,22,157,58,1290.25,1548.302
1,35,160,80,1464,1756.8
1,24,168,103,1799,2158.8
1,40,142,82,1346.5,1615.8
1,21,142,80,1421.5,1705.8
1,22,157,48,1190.25,1428.302
1,22,155,45,1147.75,1377.298
1,23,168,65,1424,1958.003
1,21,157,50,1215.25,1670.967
0,23,170,77,1722.5,3272.756
0,23,168,85,1790,2461.25
0,21,170,60,1562.5,2695.316
1,20,160,65,1389,1666.8
0,22,165,40,1326.25,1591.502
0,30,165,103,1916.25,2299.502
1,20,165,46,1230.25,1476.302
1,30,152,99,1629,1954.8
0,36,168,51,1385,1662
0,23,160,41,1300,1560
0,19,155,99,1868.75,2242.498
0,25,157,113,1991.25,2389.502
0,22,175,81,1798.75,2158.498
0,41,163,101,1828.75,2194.498
0,32,168,117,2065,2478
0,21,168,55,1500,1800
1,36,160,44,1099,1318.8
0,19,160,44,1350,1620
0,32,173,106,1986.25,2383.502
1,18,145,69,1345.25,1614.302
1,19,157,54,1265.25,1739.723
0,18,163,71,1643.75,2260.163
0,23,165,53,1451.25,1741.502
1,21,160,97,1704,2044.8
1,22,140,72,1324,1588.8
1,31,157,78,1445.25,1734.302
1,20,160,38,1119,1930.27
0,23,168,105,1990,2388
1,22,163,55,1297.75,1557.298
0,21,168,58,1530,2907
0,16,173,58,1586.25,2458.684
0,25,178,100,1992.5,2391
1,37,145,97,1530.25,1836.302
0,22,165,63,1556.25,2139.84
1,25,160,45,1164,1396.8
1,35,163,80,1482.75,1779.298
1,30,142,100,1576.5,1891.8
0,28,173,54,1486.25,1783.502
1,20,145,72,1365.25,1638.302
1,58,142,70,1136.5,1363.8
1,21,168,67,1454,1744.8
1,22,155,50,1197.75,1437.298
1,21,165,85,1615.25,1938.302
0,20,170,50,1467.5,1761
1,26,155,72,1397.75,2166.513
0,37,163,68,1518.75,2088.277
1,41,157,107,1685.25,2022.302
1,46,160,47,1079,1483.622
1,35,140,100,1539,1846.8
1,25,160,85,1564,1876.8
0,25,178,97,1962.5,2698.44
0,22,165,45,1376.25,1651.502
0,26,173,52,1476.25,1771.502
0,24,160,70,1585,3011.499
1,18,165,50,1280.25,1536.302
1,18,168,55,1349,1618.8
0,23,173,91,1881.25,2257.502
1,26,157,99,1680.25,2016.302
1,40,160,40,1039,1246.8
1,25,152,64,1304,2249.4
0,35,168,109,1970,2364
0,22,170,61,1567.5,1881
1,22,170,90,1691.5,2029.8
0,34,163,112,1973.75,2368.498
0,25,178,90,1892.5,2271
0,25,170,78,1722.5,2067
1,25,157,48,1175.25,1410.302
0,24,170,70,1647.5,2265.31
1,41,155,88,1482.75,1779.298
1,39,155,76,1372.75,1647.298
0,18,152,93,1795,2154
0,23,173,86,1831.25,3479.375
1,23,163,67,1412.75,1695.298
0,26,165,89,1796.25,2155.502
0,17,163,95,1888.75,2266.498
0,22,168,113,2075,2490
0,25,163,44,1338.75,1606.498
0,26,170,88,1817.5,2499.062
1,22,140,48,1084,1300.8
1,25,157,75,1445.25,1734.302
1,20,157,76,1480.25,1776.302
0,22,157,115,2026.25,2431.502
0,23,178,92,1922.5,3316.316
1,32,163,46,1157.75,1389.298
0,21,173,60,1581.25,2727.658
0,25,165,46,1371.25,1645.502
0,25,170,52,1462.5,1755
0,23,170,72,1672.5,2299.684
1,23,160,67,1394,1672.8
0,23,170,71,1662.5,2285.938
0,23,173,54,1511.25,1813.502
0,22,170,65,1607.5,1929
0,25,170,46,1402.5,1683
0,25,165,42,1331.25,1597.502
1,23,152,80,1474,1768.8
0,18,168,73,1695,2034
0,21,165,46,1391.25,1669.502
0,18,168,55,1515,1818
0,22,173,56,1536.25,2381.185
0,25,160,116,2040,2448
0,24,180,74,1750,2100
1,22,160,75,1479,1774.8
0,22,168,50,1445,1734
0,32,165,77,1646.25,3127.87
0,22,170,72,1677.5,3187.25
0,30,163,98,1853.75,2224.498
1,20,165,80,1570.25,1884.302
1,59,145,72,1170.25,1404.302
0,17,188,55,1645,1974
1,26,145,87,1485.25,1782.302
1,44,157,85,1450.25,1740.302
1,40,152,80,1389,1909.87
0,19,170,65,1622.5,1947
1,28,137,55,1105.25,1326.302
0,24,163,117,2073.75,2488.498
1,27,165,49,1225.25,1470.302
1,22,160,79,1519,2620.27
1,24,147,59,1227.75,1473.298
1,21,163,45,1202.75,1443.298
0,20,185,88,1941.25,3688.378
0,23,165,69,1611.25,1933.502
1,22,173,50,1310.25,1572.302
0,24,173,113,2096.25,2515.502
0,24,163,49,1393.75,1672.498
1,34,152,66,1279,1534.8
0,23,157,120,2071.25,2485.502
0,22,178,80,1807.5,2169
1,21,152,50,1184,1420.8
0,36,168,110,1975,2370
0,22,175,72,1708.75,2050.498
1,33,145,56,1140.25,1368.302
0,23,170,78,1732.5,2079
0,21,170,50,1462.5,1755
0,34,163,48,1333.75,1600.498
1,23,152,58,1254,1504.8
0,27,173,104,1991.25,2389.502
0,51,152,85,1550,1860
0,23,178,62,1622.5,1947
0,23,165,113,2051.25,2461.502
1,33,145,73,1310.25,1572.302
0,23,163,72,1628.75,1954.498
0,24,170,99,1937.5,2664.062
1,27,160,47,1174,1408.8
0,23,165,44,1361.25,1633.502
1,21,157,70,1415.25,2193.637
0,45,175,45,1323.75,1588.498
0,33,168,73,1620,1944
1,15,168,65,1464,2525.4
1,27,145,90,1510.25,1812.302
0,23,170,85,1802.5,2793.873
0,24,163,40,1303.75,1564.498
1,31,165,110,1815.25,2178.298
0,23,173,100,1971.25,2365.502
0,24,170,70,1647.5,2553.625
1,54,157,88,1430.25,1716.302
0,24,178,90,1897.5,2277
1,28,152,52,1169,1607.375
0,38,168,118,2045,2454
1,25,145,61,1230.25,1691.59
1,58,157,77,1300.25,1560.302
1,21,157,54,1255.25,2384.975
0,23,178,69,1692.5,2031
0,35,173,110,2011.25,2413.502
0,23,168,58,1520,1824
0,26,157,114,1996.25,2395.502
0,24,175,80,1778.75,2134.498
0,25,168,49,1420,1704
1,37,157,80,1435.25,1722.302
1,50,152,65,1189,1426.8
0,25,185,78,1816.25,2179.502
1,29,145,97,1570.25,1884.302
0,24,170,88,1827.5,2193
1,20,155,53,1237.75,1701.902
0,21,175,62,1613.75,1936.498
0,33,173,52,1441.25,1729.502
0,22,170,82,1777.5,2755.13
0,18,188,70,1790,2774.495
1,49,140,72,1189,1426.8
0,21,175,56,1553.75,1864.498
1,54,140,57,1014,1216.8
1,24,170,55,1331.5,1597.8
0,26,157,95,1806.25,2167.502
0,28,170,98,1907.5,2622.815
1,21,175,84,1667.75,2293.163
0,30,180,91,1890,2268
0,29,168,102,1930,2316
1,41,145,78,1320.25,1584.302
0,23,168,78,1720,2666.003
1,40,142,78,1306.5,1567.8
1,42,152,99,1569,1882.8
0,23,175,69,1673.75,3180.124
1,30,163,95,1657.75,1989.298
0,28,163,94,1823.75,2188.498
0,23,163,85,1758.75,2110.498
0,22,168,61,1555,1866
1,27,152,64,1294,1779.244
0,22,183,68,1718.75,3265.622
1,21,155,47,1172.75,1407.298
1,20,178,70,1551.5,2404.825
0,26,173,77,1726.25,2373.596
1,25,152,70,1364,1636.8
0,25,163,50,1398.75,1678.498
1,46,145,103,1545.25,1854.302
1,22,163,45,1197.75,1437.298
0,22,170,50,1457.5,1749
1,34,152,78,1399,1678.8
1,23,147,56,1202.75,1443.298
0,25,163,96,1858.75,2230.498
1,22,152,55,1229,1689.873
0,19,173,80,1791.25,2149.502
0,22,183,85,1888.75,2266.498
0,23,175,65,1633.75,1960.498
0,19,185,100,2066.25,2841.095
1,22,165,65,1410.25,2432.677
0,21,178,64,1652.5,3139.75
0,23,163,92,1828.75,2194.498
0,28,160,90,1765,2118
1,22,163,56,1307.75,1798.163
0,23,183,90,1933.75,2320.498
1,25,140,72,1309,1570.8
1,19,160,56,1304,1793.003
1,50,152,82,1359,1630.8
0,20,173,64,1626.25,2236.092
0,32,165,50,1376.25,1651.502
1,35,165,58,1275.25,1530.302
1,48,142,74,1226.5,1471.8
1,21,163,60,1352.75,1623.298
1,25,142,95,1551.5,1861.8
1,20,160,60,1339,1841.127
0,23,170,52,1472.5,1767
1,20,168,65,1439,1726.8
0,24,165,49,1406.25,1687.502
0,30,173,94,1876.25,2579.843
1,48,140,73,1204,1444.8
0,22,173,65,1626.25,1951.502
0,23,173,69,1661.25,1993.502
0,22,160,119,2085,2502
1,22,155,56,1257.75,1949.516
0,19,183,72,1773.75,3059.723
1,25,160,58,1294,1552.8
0,25,175,106,2033.75,2440.498
0,23,178,64,1642.5,1971
1,27,135,62,1167.75,1605.658
0,26,168,88,1805,2166
1,22,163,54,1287.75,2446.721
1,25,160,94,1654,1984.8
0,26,170,109,2027.5,2433
0,26,173,92,1876.25,2251.502
1,27,163,70,1422.75,1707.298
0,23,173,72,1691.25,3213.372
0,21,168,68,1630,3096.997
0,42,168,110,1945,2334
0,23,178,70,1702.5,2043
1,26,180,72,1554,1864.8
0,21,168,75,1700,2040
0,20,170,70,1667.5,2001
0,20,173,50,1486.25,1783.502
0,27,173,82,1771.25,2125.502
0,22,173,74,1716.25,2059.502
1,26,155,86,1537.75,1845.298
0,24,168,77,1705,2046
0,24,178,85,1847.5,3510.248
0,28,168,50,1415,1698
0,28,183,112,2128.75,2927.036
0,62,165,57,1296.25,2462.876
0,35,155,87,1668.75,2002.498
1,25,163,48,1212.75,1455.298
1,21,157,51,1225.25,1470.302
1,16,157,45,1190.25,1844.884
1,33,157,41,1065.25,1278.302
0,23,157,45,1321.25,1585.502
1,20,157,46,1180.25,1416.302
1,23,160,49,1214,1669.25
0,25,168,102,1950,2340
1,24,147,46,1097.75,1317.298
0,24,173,75,1716.25,2660.185
0,23,173,60,1571.25,1885.502
1,20,163,54,1297.75,1557.298
0,22,170,76,1717.5,2061
1,19,168,41,1204,1444.8
1,20,163,81,1567.75,2430.012
0,22,175,60,1588.75,1906.498
1,21,155,57,1272.75,1527.298
0,25,185,87,1906.25,3288.277
1,50,145,104,1535.25,1842.302
0,20,180,75,1780,2136
1,46,157,45,1040.25,1248.302
1,18,140,72,1344,1612.8
0,21,173,68,1661.25,2284.221
0,23,178,72,1722.5,2067
0,23,180,63,1645,1974
0,25,155,41,1258.75,1510.498
1,22,170,82,1611.5,1933.8
0,42,155,85,1613.75,1936.498
0,23,175,65,1633.75,3104.127
0,22,185,75,1801.25,2161.502
1,27,152,83,1484,1780.8
0,22,165,52,1446.25,1735.502
0,21,170,85,1812.5,2175
1,20,165,76,1530.25,2371.887
1,22,163,55,1297.75,1557.298
0,43,163,94,1748.75,2098.498
0,25,178,70,1692.5,2919.563
0,25,173,55,1511.25,1813.502
1,41,145,76,1300.25,1560.302
1,28,142,53,1116.5,1339.8
0,29,170,93,1852.5,2547.182
0,23,157,110,1971.25,2365.502
1,22,147,38,1027.75,1233.298
1,25,157,88,1575.25,1890.302
1,25,160,90,1614,1936.8
0,21,168,74,1690,2028
1,30,163,46,1167.75,1401.298
0,20,160,47,1375,1650
0,25,170,65,1592.5,1911
0,24,168,88,1815,2178
0,24,157,102,1886.25,2263.502
1,22,157,62,1330.25,1596.302
0,29,165,93,1821.25,2504.218
0,24,175,71,1688.75,2322.033
0,30,165,86,1746.25,2095.502
1,19,145,70,1350.25,1620.302
0,29,170,95,1872.5,2247
1,30,140,85,1414,1696.8
0,22,175,69,1678.75,2602.059
0,22,168,95,1895,2274
1,61,155,61,1112.75,1335.298
0,34,160,107,1905,2286
1,21,152,63,1314,1576.8
0,20,183,81,1858.75,2230.498
0,23,165,76,1681.25,2017.502
0,23,175,73,1713.75,2356.407
0,23,168,55,1490,2048.756
0,22,168,40,1345,1614
0,21,160,64,1540,1848
1,32,140,89,1444,1732.8
0,23,168,60,1540,1848
1,24,152,73,1399,1678.8
1,28,168,62,1369,1642.8
0,23,163,130,2208.75,2650.498
0,23,180,62,1635,1962
0,20,178,65,1667.5,2001
0,43,155,88,1638.75,1966.498
0,26,168,107,1995,2394
0,23,165,65,1571.25,1885.502
0,27,160,70,1570,1884
0,23,178,72,1722.5,2067
0,23,160,104,1930,2316
0,26,183,74,1758.75,2726.065
0,28,175,127,2228.75,2674.498
1,60,152,80,1289,1546.8
0,25,175,109,2063.75,2476.498
0,29,168,52,1430,1716
0,33,157,87,1691.25,2029.502
0,23,165,110,2021.25,2425.502
0,22,168,52,1465,1758
1,38,140,82,1344,1612.8
0,23,170,74,1692.5,3215.756
0,24,183,78,1808.75,2170.498
1,19,163,85,1612.75,1935.298
0,34,170,84,1737.5,2085
0,25,168,75,1680,2016
0,23,173,79,1761.25,2729.938
1,21,165,82,1585.25,2179.717
0,23,168,71,1650,1980
1,24,157,44,1140.25,1368.302
1,50,165,46,1080.25,1485.339
0,21,180,78,1805,2166
1,28,145,87,1475.25,1770.302
0,18,170,108,2057.5,2829.062
0,23,178,110,2102.5,2523
0,22,165,48,1406.25,1687.502
1,18,165,90,1680.25,2016.302
0,22,163,58,1493.75,2053.908
0,24,178,90,1897.5,2277
0,22,163,48,1393.75,1672.498
1,21,168,85,1634,1960.8
1,21,163,57,1322.75,1587.298
0,20,165,60,1536.25,1843.502
1,24,157,87,1570.25,1884.302
1,37,157,44,1075.25,1290.302
0,22,157,75,1626.25,1951.502
0,34,150,85,1622.5,2230.941
1,21,165,47,1235.25,1482.302
0,27,163,84,1728.75,2377.03
1,19,157,85,1575.25,1890.302
1,26,157,100,1690.25,2028.302
0,21,163,69,1608.75,2212.03
0,31,157,89,1721.25,2065.502
1,34,152,77,1389,1666.8
0,20,160,46,1365,1638
0,21,165,95,1881.25,2257.502
0,35,152,57,1350,1620
1,16,165,93,1720.25,2064.298
0,18,165,77,1716.25,2059.502
0,23,180,77,1785,3079.121
0,22,168,92,1865,2238
0,45,170,96,1802.5,2163
0,18,163,72,1653.75,1984.498
1,18,163,60,1367.75,1880.661
0,22,173,78,1756.25,2414.843
1,28,152,67,1319,1582.8
1,22,155,66,1357.75,1629.298
1,21,168,88,1664,1996.8
1,21,157,45,1165.25,1398.302
0,30,163,80,1673.75,2008.498
1,22,160,80,1529,1834.8
0,20,157,62,1506.25,1807.502
1,23,152,70,1374,1648.8
0,75,180,72,1475,2028.124
1,22,145,99,1625.25,1950.302
1,22,157,55,1260.25,1512.302
1,30,165,99,1710.25,2052.298
1,26,145,54,1155.25,1588.469
1,20,155,48,1187.75,2256.724
1,22,152,79,1469,1762.8
1,28,163,93,1647.75,1977.298
0,21,178,75,1762.5,2423.437
1,20,150,52,1196.5,1435.8
1,40,142,100,1526.5,1831.8
1,24,140,53,1124,1348.8
0,40,170,53,1397.5,1677
0,23,178,87,1872.5,2247
1,49,155,107,1632.75,1959.298
0,19,175,76,1763.75,2116.498
1,24,163,65,1387.75,1665.298
1,22,157,46,1170.25,1404.302
0,30,170,52,1437.5,1725
0,28,155,84,1673.75,2008.498
1,16,165,60,1390.25,1911.596
0,29,170,50,1422.5,1707
0,30,168,107,1975,2370
1,37,155,99,1612.75,1935.298
1,22,157,67,1380.25,1656.302
0,25,170,72,1662.5,2576.876
0,24,168,117,2105,2526
1,23,168,55,1324,2283.902
1,23,163,75,1492.75,1791.298
0,19,168,71,1670,2296.25
0,22,160,67,1565,1878
0,24,160,44,1325,1590
0,21,165,51,1441.25,1729.502
0,24,165,114,2056.25,2467.502
1,41,157,105,1665.25,1998.302
1,35,142,77,1321.5,1585.8
0,25,168,113,2060,2472
0,28,168,48,1395,1674
1,28,163,49,1207.75,1660.655
1,21,155,42,1122.75,1740.265
1,23,142,55,1161.5,2003.582
0,21,180,78,1805,2166
1,51,152,80,1334,1600.8
0,29,152,84,1650,1980
0,50,160,68,1435,1973.127
1,25,160,54,1254,1504.8
1,23,157,89,1595.25,1914.302
1,28,140,72,1294,1552.8
1,24,170,59,1371.5,1645.8
1,21,165,56,1325.25,2054.135
1,22,142,86,1476.5,1771.8
1,22,152,95,1629,1954.8
0,30,170,52,1437.5,1725
1,25,152,66,1324,1588.8
0,24,175,66,1638.75,1966.498
0,18,173,74,1736.25,2083.502
1,45,145,58,1100.25,1320.302
0,22,165,62,1546.25,2126.098
0,22,163,60,1513.75,1816.498
0,21,180,78,1805,3429.505
0,29,168,101,1920,2304
1,23,157,61,1315.25,1578.302
1,44,137,72,1195.25,1434.302
0,23,168,82,1760,2112
1,23,160,43,1154,1384.8
0,53,170,50,1302.5,1563
0,20,165,41,1346.25,1615.502
0,23,168,61,1550,1860
0,22,180,105,2070,2484
0,21,168,65,1600,1920
0,24,168,93,1865,2238
0,35,152,85,1630,1956
0,21,163,67,1588.75,1906.498
0,26,175,63,1598.75,1918.498
1,44,163,45,1087.75,1495.655
1,47,163,68,1302.75,1563.298
1,22,168,51,1289,1772.375
0,22,180,78,1800,2160
1,36,155,40,1027.75,1233.298
0,22,165,70,1626.25,2805.277
0,26,168,61,1535,1842
0,15,160,49,1420,2697.997
0,21,173,80,1781.25,2137.502
1,54,145,72,1195.25,1434.302
0,23,170,75,1702.5,2936.818
0,23,165,69,1611.25,2215.469
1,59,157,53,1055.25,2004.972
0,23,168,72,1660,1992
1,23,163,42,1162.75,1395.298
0,31,157,88,1711.25,2053.502
0,22,183,105,2088.75,2506.498
0,30,173,54,1476.25,1771.502
1,22,173,78,1590.25,1908.302
1,23,157,56,1265.25,1518.302
0,23,175,82,1803.75,3427.13
0,26,157,90,1756.25,2107.502
0,24,170,95,1897.5,3273.182
1,28,175,101,1802.75,2163.298
1,30,168,79,1529,1834.8
0,22,173,118,2156.25,2587.502
0,28,163,99,1873.75,2248.498
1,27,170,68,1446.5,1735.8
0,20,152,85,1705,2046
0,31,152,89,1690,2028
0,21,157,69,1571.25,2160.472
1,44,163,48,1117.75,1341.298
0,23,173,63,1601.25,2201.723
1,24,157,77,1470.25,1764.302
0,30,173,35,1286.25,1543.502
1,21,152,89,1574,1888.8
0,22,168,60,1545,2665.13
1,30,140,99,1554,1864.8
0,25,170,52,1462.5,1755
0,50,168,51,1315,1578
1,38,160,40,1049,1258.8
1,27,157,78,1465.25,1758.302
1,23,137,73,1310.25,1572.302
0,21,170,123,2192.5,2631
1,23,157,90,1605.25,1926.302
0,25,173,100,1961.25,2696.723
0,25,163,110,1998.75,2398.498
0,22,170,65,1607.5,2491.622
1,23,157,97,1675.25,2010.302
0,20,157,40,1286.25,1543.502
1,21,152,52,1204,1444.8
0,22,145,58,1381.25,1657.502
0,22,160,114,2035,2442
1,27,152,97,1624,1948.8
1,21,155,65,1352.75,1860.033
0,32,155,93,1743.75,2092.498
1,21,157,43,1145.25,1374.302
0,23,165,47,1391.25,1669.502
1,22,150,58,1246.5,1713.935
0,29,173,93,1871.25,2572.97
1,61,152,61,1094,1312.8
0,22,165,105,1976.25,2717.342
0,22,168,60,1545,1854
1,23,142,84,1451.5,1741.8
0,23,178,79,1792.5,2778.372
0,22,168,62,1565,2151.873
1,22,157,68,1390.25,2154.89
0,23,180,63,1645,1974
0,49,157,89,1631.25,1957.502
1,27,157,45,1135.25,1362.302
1,23,160,74,1464,2269.2
0,22,165,43,1356.25,1627.502
0,29,175,108,2033.75,2440.498
0,31,163,106,1928.75,2314.498
1,22,157,80,1510.25,1812.302
1,50,142,70,1176.5,1411.8
1,50,165,50,1120.25,1344.302
1,24,168,60,1369,2121.956
1,20,165,63,1400.25,2170.382
0,24,165,120,2116.25,2539.502
1,22,130,39,931.5,1117.8
0,40,183,110,2048.75,2458.498
0,23,168,82,1760,2420.003
0,27,165,49,1391.25,1669.502
0,35,155,88,1678.75,2014.498
0,27,160,102,1890,2268
0,22,170,102,1977.5,2373
0,25,173,78,1741.25,3308.375
1,47,142,110,1591.5,1909.8
1,26,178,71,1531.5,2373.828
1,24,145,86,1485.25,1782.302
0,23,173,63,1601.25,2201.723
1,28,157,45,1130.25,1356.302
1,22,160,71,1439,1726.8
1,29,140,72,1289,1546.8
0,28,157,76,1606.25,1927.502
1,40,155,99,1597.75,1917.298
1,22,157,87,1580.25,1896.302
1,20,163,44,1197.75,1437.298
0,20,165,69,1626.25,2236.092
0,22,180,62,1640,2541.997
0,22,173,70,1676.25,3184.87
0,21,160,45,1350,1620
1,47,145,104,1550.25,1860.302
0,27,165,82,1721.25,2366.723
0,24,175,82,1798.75,2788.059
0,27,173,111,2061.25,2473.502
1,18,170,110,1911.5,2628.31
1,31,160,46,1144,1372.8
1,24,145,94,1565.25,1878.302
1,19,137,71,1310.25,1572.302
1,28,152,58,1229,1474.8
0,29,168,96,1870,2244
0,25,165,79,1701.25,2636.938
0,20,168,106,2015,2418
0,51,165,50,1281.25,1537.502
1,48,165,109,1720.25,2064.298
0,24,170,66,1607.5,2491.622
1,36,142,88,1426.5,1711.8
0,23,165,70,1621.25,2229.215
0,30,173,52,1456.25,1747.502
0,40,160,108,1885,2262
1,22,163,75,1497.75,1797.298
0,30,168,51,1415,1698
1,17,155,56,1282.75,1539.298
1,26,145,94,1555.25,1866.302
1,30,155,75,1407.75,1689.298
1,45,147,92,1452.75,1743.298
1,22,155,51,1207.75,1449.298
1,41,142,58,1101.5,1321.8
0,29,173,105,1991.25,2389.502
1,22,152,79,1469,1762.8
1,23,165,67,1425.25,2458.56
0,33,163,119,2048.75,2458.498
1,19,160,85,1594,1912.8
0,27,168,87,1790,2148
0,49,160,67,1430,1966.25
0,25,170,80,1742.5,2091
0,16,173,69,1696.25,3222.873
1,43,140,77,1269,1522.8
0,24,157,120,2066.25,2479.502
0,22,168,83,1775,2130
0,22,175,98,1968.75,2362.498
0,23,170,70,1652.5,3139.75
1,23,160,60,1324,1588.8
1,25,163,65,1382.75,1659.298
0,23,163,47,1378.75,1654.498
1,39,157,45,1075.25,1478.466
0,56,173,55,1356.25,1627.502
1,24,135,85,1412.75,1695.298
0,42,155,87,1633.75,1960.498
1,25,157,64,1335.25,1835.967
0,35,168,47,1350,1620
1,22,163,49,1237.75,2351.727
0,55,155,88,1578.75,1894.498
0,22,168,85,1795,2154
0,25,165,112,2031.25,2437.502
0,21,168,90,1850,2543.756
0,20,168,111,2065,2478
0,23,165,60,1521.25,2357.938
1,25,160,95,1664,1996.8
0,19,160,73,1640,2255.003
0,23,173,90,1871.25,2245.502
1,28,168,48,1229,1474.8
0,21,163,85,1768.75,3360.625
0,20,157,66,1546.25,1855.502
0,23,160,118,2070,2484
1,25,163,47,1202.75,1443.298
1,48,145,60,1105.25,1326.302
0,27,175,80,1763.75,2116.498
0,21,168,75,1700,2040
1,33,163,48,1172.75,1612.531
1,35,140,91,1449,1738.8
0,23,178,85,1852.5,2223
1,22,165,60,1360.25,1632.302
1,23,152,50,1174,1408.8
0,24,165,69,1606.25,2208.596
0,21,173,88,1861.25,2233.502
1,21,157,56,1275.25,1530.302
0,23,160,43,1320,1815
1,41,163,47,1122.75,1543.779
0,40,168,116,2015,2418
1,21,155,56,1262.75,1957.262
0,34,170,65,1547.5,1857
0,21,163,68,1598.75,2198.28
0,20,160,65,1555,1866
1,50,155,87,1427.75,1713.298
0,22,173,59,1566.25,1879.502
0,24,165,47,1386.25,1663.502
1,47,163,45,1072.75,1287.298
1,33,145,81,1390.25,1668.302
0,22,157,45,1326.25,1591.502
0,26,170,61,1547.5,1857
0,22,165,61,1536.25,2112.339
1,22,163,75,1497.75,2059.407
0,25,155,44,1288.75,1546.498
1,49,152,84,1384,1660.8
1,21,152,60,1284,1540.8
1,22,157,56,1270.25,1524.302
0,22,160,101,1905,2286
0,26,168,56,1485,2041.87
0,33,163,98,1838.75,2206.498
1,44,157,59,1190.25,1428.302
0,22,175,78,1768.75,2122.498
0,25,168,47,1400,1680
0,55,165,85,1611.25,1933.502
0,30,168,57,1475,1770
0,25,168,118,2110,2532
0,23,173,75,1721.25,2969.16
0,20,160,47,1375,1650
1,21,165,62,1385.25,1662.302
0,30,163,84,1713.75,2356.407
1,40,163,68,1337.75,1605.298
0,56,155,85,1543.75,1852.498
0,31,178,78,1742.5,3005.818
0,31,163,68,1548.75,1858.498
1,25,155,44,1122.75,1347.298
1,19,145,73,1380.25,1656.302
0,26,170,120,2137.5,2565
0,26,168,54,1465,1758
0,45,170,65,1492.5,2052.182
0,22,178,74,1747.5,3014.437
0,25,170,107,2012.5,2415
0,23,170,75,1702.5,2043
0,25,173,75,1711.25,2951.905
0,23,170,85,1802.5,2163
1,20,165,78,1550.25,1860.302
1,22,160,45,1179,1414.8
0,27,168,117,2090,2508
0,25,183,79,1813.75,3446.127
1,22,160,65,1379,1654.8
1,29,142,90,1481.5,1777.8
0,23,157,87,1741.25,2089.502
1,22,152,93,1609,1930.8
0,25,160,70,1580,2448.997
1,46,160,46,1069,1469.876
0,25,160,118,2060,2472
0,28,165,49,1386.25,1663.502
0,24,165,99,1906.25,2287.502
0,30,173,70,1636.25,1963.502
0,25,157,88,1741.25,2089.502
1,52,163,90,1497.75,1797.298
0,29,168,52,1430,1716
0,23,170,68,1632.5,1959
0,22,165,78,1706.25,2047.502
0,24,160,43,1315,1578
1,27,157,77,1455.25,1746.302
1,28,160,92,1619,1942.8
0,22,163,113,2043.75,2452.498
1,25,137,74,1310.25,1572.302
0,26,168,68,1605,1926
1,60,157,79,1310.25,1572.302
1,30,155,80,1457.75,1749.298
1,25,178,132,2146.5,2575.8
1,29,145,93,1530.25,1836.302
0,38,157,102,1816.25,2179.502
1,23,150,49,1151.5,1381.8
0,23,175,110,2083.75,2500.498
1,41,142,68,1201.5,1441.8
0,29,160,80,1660,1992
0,20,163,77,1693.75,2032.498
0,23,178,56,1562.5,1875
1,21,132,50,1059,1270.8
1,19,142,67,1301.5,1561.8
0,20,165,40,1336.25,1603.502
1,31,160,80,1484,1780.8
1,22,142,58,1196.5,1645.188
0,24,168,64,1575,2165.628
0,39,170,50,1372.5,1647
1,36,160,47,1129,1354.8
0,24,168,75,1685,2022
0,23,178,91,1912.5,2295
0,27,168,98,1900,2280
1,23,163,68,1422.75,1707.298
0,23,168,80,1740,2697
0,23,160,93,1820,2184
0,22,178,86,1867.5,2567.818
0,22,160,116,2055,2466
0,22,180,76,1780,3381.997
1,18,165,45,1230.25,1476.302
0,26,165,47,1376.25,1651.502
1,27,163,45,1172.75,1407.298
1,38,160,79,1439,1726.8
0,29,157,88,1721.25,2065.502
0,23,168,69,1630,3096.997
1,20,157,90,1620.25,1944.302
1,23,157,63,1335.25,1602.302
1,18,160,45,1199,1438.8
1,43,142,108,1591.5,1909.8
1,21,132,47,1029,1234.8
1,26,152,57,1229,1474.8
1,22,163,46,1207.75,1660.655
0,22,180,78,1800,2160
0,27,170,115,2082.5,2499
0,24,165,66,1576.25,2443.188
0,23,170,101,1962.5,2355
0,23,140,69,1455,2000.628
1,21,173,60,1415.25,1945.97
1,21,140,76,1369,1642.8
0,24,168,77,1705,2344.378
0,23,163,58,1488.75,1786.498
0,36,157,90,1706.25,2047.502
1,40,163,48,1137.75,1564.407
0,21,168,62,1570,2982.997
1,21,145,62,1260.25,1512.302
0,23,173,108,2051.25,2461.502
1,21,170,45,1246.5,1495.8
1,33,160,42,1094,1312.8
1,40,155,43,1037.75,1245.298
0,21,165,64,1571.25,2160.472
1,20,165,61,1380.25,2622.476
0,20,173,65,1636.25,3108.873
1,23,155,63,1322.75,1587.298
0,25,157,108,1941.25,2329.502
1,30,152,72,1359,1630.8
1,24,150,59,1246.5,1713.935
1,26,160,46,1169,1402.8
0,58,165,50,1246.25,1495.502
1,22,160,60,1329,1827.372
1,38,157,44,1070.25,1284.302
1,25,147,50,1132.75,1359.298
0,22,163,103,1943.75,2332.498
0,27,165,83,1731.25,2380.469
1,25,157,93,1625.25,1950.302
0,22,163,40,1313.75,1576.498
0,47,188,105,1995,2394
1,25,152,99,1654,1984.8
1,28,145,85,1455.25,1746.302
0,22,155,113,1993.75,2392.498
1,22,157,78,1490.25,1788.302
0,28,175,122,2178.75,2614.498
1,22,157,75,1460.25,1752.302
1,22,157,70,1410.25,2679.476
0,22,173,82,1796.25,2469.84
1,50,157,78,1350.25,1620.302
1,47,157,68,1265.25,1518.302
0,23,165,49,1411.25,1693.502
0,25,165,84,1751.25,2407.97
1,32,152,46,1089,1497.372
1,22,147,92,1567.75,1881.298
0,24,175,87,1848.75,2542.03
1,43,140,50,999,1373.619
1,39,160,80,1444,1732.8
0,23,183,85,1883.75,3249.472
0,20,168,50,1455,1746
0,26,168,95,1875,2250
0,30,163,80,1673.75,2008.498
1,21,157,69,1405.25,1932.215
0,27,178,98,1962.5,2355
1,22,160,47,1199,1438.8
0,30,170,98,1897.5,2277
0,28,168,86,1775,2440.622
0,26,168,65,1575,1890
0,23,157,70,1571.25,2435.437
1,24,155,65,1337.75,1605.298
1,32,142,94,1506.5,1807.8
1,25,163,77,1502.75,1803.298
0,29,168,89,1800,2160
0,22,163,40,1313.75,1576.498
1,21,150,68,1351.5,1621.8
0,23,160,70,1590,1908
0,25,170,90,1842.5,2533.44
1,25,145,93,1550.25,1860.302
1,27,155,76,1432.75,1719.298
0,24,165,116,2076.25,2491.502
0,22,183,92,1958.75,2693.28
1,25,160,76,1474,2284.705
0,35,170,50,1392.5,1671
1,19,157,69,1415.25,2193.637
0,21,178,69,1702.5,2043
1,28,145,93,1535.25,1842.302
0,23,170,69,1642.5,1971
1,43,155,70,1292.75,1777.531
1,18,163,47,1237.75,1701.902
0,26,170,51,1447.5,1737
1,32,157,97,1630.25,2241.596
0,21,175,72,1713.75,3256.13
0,24,160,109,1975,2370
1,25,163,84,1572.75,2437.763
1,22,160,63,1359,1630.8
1,22,157,40,1110.25,1526.59
0,25,165,97,1881.25,2257.502
0,21,155,100,1868.75,2242.498
0,22,168,63,1575,2441.247
1,32,163,41,1107.75,1329.298
1,20,163,50,1257.75,1509.298
0,24,178,74,1737.5,2085
1,46,157,64,1230.25,2337.476
1,28,145,97,1575.25,1890.302
1,22,155,43,1127.75,1550.661
0,25,163,99,1888.75,2266.498
0,33,155,87,1678.75,2014.498
0,37,157,114,1941.25,2329.502
0,23,175,80,1783.75,2764.812
0,30,163,82,1693.75,2032.498
1,43,152,99,1564,1876.8
0,22,165,63,1556.25,1867.502
0,23,173,71,1681.25,2900.16
0,22,168,49,1435,1722
0,24,173,78,1746.25,2095.502
0,27,170,105,1982.5,2379
0,46,163,103,1823.75,2188.498
0,22,157,97,1846.25,2215.502
0,30,168,50,1405,1686
0,21,160,47,1370,1644
0,23,168,67,1610,2495.499
0,23,163,116,2068.75,2482.498
1,23,157,50,1205.25,1446.302
0,29,168,102,1930,2316
1,35,152,40,1014,1216.8
0,42,163,68,1493.75,1792.498
1,26,165,58,1320.25,1815.339
0,26,160,110,1975,2370
1,36,160,46,1119,1342.8
1,29,145,88,1480.25,1776.302
1,31,155,73,1382.75,1659.298
0,21,130,56,1272.5,1527
0,21,160,42,1320,1584
0,31,168,51,1410,1692
0,22,168,110,2045,2454
0,21,165,80,1731.25,2077.502
0,33,163,49,1348.75,1618.498
0,23,165,75,1671.25,2590.44
0,22,168,105,1995,2394
1,24,168,81,1579,2171.127
0,23,163,44,1348.75,1618.498
0,22,157,117,2046.25,2455.502
0,22,163,67,1583.75,1900.498
1,24,160,65,1369,1642.8
0,20,173,114,2126.25,2551.502
1,38,152,65,1249,1498.8
0,25,165,40,1311.25,1573.502
0,22,168,68,1625,2234.375
0,15,183,95,2023.75,3136.812
0,23,170,91,1862.5,2886.873
0,22,170,53,1487.5,1785
1,32,155,43,1077.75,1293.298
0,26,178,90,1887.5,2265
1,23,170,56,1346.5,1615.8
0,22,163,71,1623.75,1948.498
0,24,163,120,2103.75,2524.498
0,23,173,68,1651.25,3137.375
0,22,173,74,1716.25,2059.502
0,28,168,52,1435,1722
1,22,163,67,1417.75,1701.298
1,21,157,46,1175.25,1410.302
0,31,155,87,1688.75,2026.498
1,22,165,52,1280.25,1536.302
1,40,157,45,1070.25,1284.302
0,27,185,105,2076.25,2854.837
0,22,170,62,1577.5,2721.182
0,23,165,82,1741.25,2089.502
1,23,152,51,1184,2249.603
0,23,170,70,1652.5,1983
0,23,180,74,1755,3334.498
1,23,157,41,1115.25,1338.302
1,21,168,45,1234,1480.8
0,23,173,58,1551.25,2132.967
0,22,175,75,1738.75,2999.342
0,26,180,134,2340,3217.502
0,23,165,82,1741.25,2394.215
0,24,165,45,1366.25,1639.502
0,39,152,90,1660,1992
0,29,175,76,1713.75,2056.498
1,56,142,77,1216.5,1459.8
0,23,165,93,1851.25,2221.502
0,26,170,93,1867.5,2241
1,28,155,62,1287.75,1770.658
0,20,163,75,1673.75,2301.41
1,54,152,75,1269,1522.8
1,18,150,54,1226.5,1471.8
0,23,180,135,2365,2838
1,25,160,60,1314,1576.8
0,26,168,85,1775,2440.622
0,26,173,53,1486.25,1783.502
1,30,168,79,1529,1834.8
1,22,152,54,1219,1462.8
1,23,165,103,1785.25,2142.298
0,24,178,91,1907.5,2289
0,22,173,54,1516.25,2350.188
1,22,155,76,1457.75,1749.298
0,28,165,64,1536.25,1843.502
0,20,168,70,1655,3144.501
0,24,165,56,1476.25,2029.837
0,25,165,50,1411.25,1693.502
0,22,168,51,1455,1746
1,25,137,44,1010.25,1919.47
0,22,163,56,1473.75,1768.498
0,28,163,104,1923.75,2308.498
0,24,168,52,1455,1746
0,22,168,80,1745,3315.505
0,16,178,80,1837.5,2205
0,22,157,120,2076.25,2491.502
1,22,160,66,1389,1909.87
1,22,157,43,1140.25,1368.302
1,21,157,60,1315.25,2038.643
1,36,152,99,1599,1918.8
1,57,152,61,1114,1336.8
1,28,152,57,1219,1462.8
0,21,175,60,1593.75,1912.498
1,40,157,90,1520.25,1824.302
0,21,170,53,1492.5,2313.372
0,23,168,52,1460,1752
0,25,178,68,1672.5,2299.684
0,28,168,98,1895,2274
0,24,160,114,2025,2430
0,22,180,84,1860,2557.502
0,21,168,54,1490,2048.756
1,59,157,69,1215.25,1458.302
0,24,165,62,1536.25,2381.185
0,19,178,77,1792.5,3405.753
0,29,173,99,1931.25,2317.502
0,21,170,52,1482.5,2038.44
1,36,142,81,1356.5,1627.8
0,22,180,79,1810,2488.75
0,21,170,66,1622.5,2230.941
1,20,163,45,1207.75,1449.298
0,21,168,48,1430,1716
1,27,157,99,1675.25,2010.302
1,36,163,41,1087.75,1305.298
0,24,180,64,1650,1980
0,20,168,65,1605,1926
0,27,160,90,1770,2124
1,23,160,65,1374,1648.8
0,67,173,73,1481.25,1777.502
1,26,155,66,1337.75,1605.298
0,16,170,77,1757.5,3339.244
1,22,157,54,1250.25,1500.302
0,21,165,73,1661.25,1993.502
0,34,165,103,1896.25,2275.502
0,22,163,43,1343.75,1612.498
0,27,157,83,1681.25,2017.502
0,29,170,90,1822.5,2505.935
1,19,157,54,1265.25,1518.302
1,22,160,59,1319,1813.622
1,21,145,68,1320.25,1584.302
1,17,173,63,1465.25,2014.717
1,21,155,42,1122.75,1740.265
0,23,175,72,1703.75,2044.498
0,25,165,110,2011.25,2413.502
1,22,170,51,1301.5,1789.56
0,22,157,112,1996.25,2395.502
0,25,160,104,1920,2304
1,26,145,89,1505.25,1806.302
1,49,157,110,1675.25,2010.302
0,27,160,66,1530,2103.753
1,30,152,41,1049,1258.8
0,25,165,70,1611.25,2215.469
1,24,163,42,1157.75,1389.298
0,25,163,98,1878.75,2254.498
1,33,142,75,1311.5,1573.8
0,37,155,93,1718.75,2062.498
0,54,160,68,1415,2193.248
1,21,163,50,1252.75,1503.298
0,22,170,70,1657.5,1989
0,20,155,100,1873.75,2248.498
0,24,165,50,1416.25,1699.502
0,25,173,51,1471.25,1765.502
1,58,157,75,1280.25,1536.302
0,30,168,51,1415,1698
0,20,173,92,1906.25,2287.502
1,40,160,43,1069,1282.8
1,29,145,58,1180.25,1622.843
0,21,173,80,1781.25,2137.502
0,22,165,46,1386.25,1663.502
0,23,165,63,1551.25,2947.378
0,32,168,50,1395,1674
1,24,155,61,1297.75,1784.404
0,16,165,71.6,1672.25,2299.345
0,21,165,62,1551.25,1861.502
1,26,155,86,1537.75,1845.298
0,27,157,89,1741.25,2089.502
0,23,170,106,2012.5,2415
1,41,135,51,987.75,1358.16
0,58,170,62,1397.5,2655.248
0,22,163,90,1813.75,2176.498
1,36,142,98,1526.5,1831.8
0,22,165,67,1596.25,1915.502
1,42,163,48,1127.75,1353.298
0,26,173,54,1496.25,1795.502
0,21,168,90,1850,2220
1,21,168,70,1484,1780.8
1,21,142,87,1491.5,1789.8
1,22,157,50,1210.25,1452.302
0,23,163,67,1578.75,2447.065
0,22,173,69,1666.25,1999.502
1,23,163,49,1232.75,1695.033
1,20,160,48,1219,1889.454
0,24,168,58,1515,1818
1,21,155,66,1362.75,1635.298
0,34,173,54,1456.25,1747.502
1,27,157,99,1675.25,2010.302
1,56,160,77,1329,1594.8
0,28,185,85,1871.25,2572.97
1,20,157,78,1500.25,2325.385
1,40,163,107,1727.75,2073.298
0,45,155,89,1638.75,1966.498
0,37,165,113,1981.25,2377.502
1,30,168,70,1439,1978.622
0,25,145,80,1586.25,1903.502
1,22,157,45,1160.25,1595.342
0,25,160,47,1350,1620
1,32,142,74,1306.5,1567.8
0,22,155,115,2013.75,2416.498
0,22,168,58,1525,1830
0,20,173,55,1536.25,2112.339
1,24,160,76,1479,2033.628
0,28,163,104,1923.75,2308.498
1,28,152,96,1609,1930.8
1,22,152,58,1259,1510.8
0,21,160,46,1360,1632
0,22,173,76,1736.25,2387.342
1,28,160,52,1219,1462.8
1,20,165,46,1230.25,1476.302
1,22,168,55,1329,2059.953
0,22,160,120,2095,2514
0,19,175,64,1643.75,3123.124
1,35,155,74,1372.75,1647.298
1,29,155,85,1512.75,1815.298
1,21,175,61,1437.75,1725.298
1,22,142,71,1326.5,1591.8
1,22,152,75,1429,1714.8
0,23,168,51,1450,1740
1,20,160,98,1719,2062.8
1,21,163,62,1372.75,1887.534
1,31,170,75,1496.5,1795.8
1,23,155,70,1392.75,1671.298
1,22,160,76,1489,2047.378
1,25,175,105,1857.75,2229.298
1,33,152,73,1354,1624.8
0,35,170,105,1942.5,2331
0,18,165,72,1666.25,2291.098
1,23,155,77,1462.75,1755.298
0,20,163,43,1353.75,1624.498
1,20,155,41,1117.75,1341.298
0,29,183,112,2123.75,3291.815
0,23,168,93,1870,2244
1,22,157,48,1190.25,1428.302
0,26,170,103,1967.5,2361
0,21,178,58,1592.5,2468.375
1,44,142,77,1276.5,1531.8
0,21,183,95,1993.75,2392.498
1,24,157,90,1600.25,1920.302
1,47,160,100,1604,1924.8
0,22,170,65,1607.5,2210.313
0,27,180,79,1785,2454.372
0,57,168,52,1290,1548
1,22,142,98,1596.5,1915.8
0,25,163,89,1788.75,2459.528
1,20,165,76,1530.25,2371.887
1,36,160,46,1119,1342.8
1,35,157,99,1635.25,1962.302
0,25,163,102,1918.75,2302.498
1,23,137,50,1080.25,1296.302
0,30,170,50,1417.5,1701
0,22,173,80,1776.25,2131.502
1,39,157,100,1625.25,1950.302
0,32,168,112,2015,2418
1,24,135,56,1122.75,1347.298
0,32,163,48,1343.75,1612.498
1,24,152,73,1399,1678.8
1,50,145,93,1425.25,1710.302
0,22,168,70,1645,1974
0,23,163,65,1558.75,2143.283
0,26,168,52,1445,1734
1,53,137,53,960.25,1152.302
0,22,160,56,1455,2000.628
0,22,157,66,1536.25,1843.502
1,35,155,78,1412.75,1695.298
0,20,157,92,1806.25,2167.502
0,30,173,52,1456.25,1747.502
1,23,163,66,1402.75,1683.298
0,30,163,70,1573.75,1888.498
1,21,165,80,1565.25,2152.221
0,21,152,97,1820,2184
1,22,160,51,1239,1486.8
1,22,152,67,1349,2090.95
0,23,168,95,1890,2598.753
1,23,152,64,1314,1576.8
1,20,163,47,1227.75,1473.298
0,24,157,118,2046.25,2455.502
0,24,170,70,1647.5,1977
0,22,170,75,1707.5,2049
0,18,165,41,1356.25,1627.502
0,20,175,69,1688.75,2913.095
0,22,165,47,1396.25,1675.502
0,24,163,44,1343.75,1612.498
0,23,165,65,1571.25,2160.472
0,23,175,80,1783.75,2140.498
0,23,168,100,1940,2328
1,20,165,70,1470.25,1764.302
1,19,157,54,1265.25,1518.302
1,42,140,72,1224,1468.8
1,21,160,73,1464,1756.8
0,56,163,50,1243.75,1492.498
0,35,175,109,2013.75,2416.498
0,23,173,70,1671.25,2005.502
0,24,165,83,1746.25,2095.502
0,22,168,80,1745,2094
1,58,145,73,1185.25,1422.302
0,24,178,95,1947.5,2677.812
0,26,168,105,1975,2370
0,26,175,109,2058.75,2470.498
1,22,157,80,1510.25,1812.302
0,30,173,98,1916.25,2299.502
0,35,157,87,1681.25,2017.502
0,24,165,109,2006.25,2407.502
0,22,163,119,2103.75,2524.498
1,22,137,50,1085.25,1302.302
1,25,163,46,1192.75,1431.298
1,26,163,49,1217.75,1461.298
1,23,152,48,1154,1384.8
0,40,180,82,1750,2100
1,33,160,77,1444,1732.8
1,20,157,45,1170.25,1404.302
0,23,168,96,1900,2612.495
1,27,155,94,1612.75,1935.298
1,21,163,83,1582.75,1899.298
1,31,152,86,1494,1792.8
0,26,168,64,1565,2973.505
1,25,160,46,1174,1408.8
1,25,152,76,1424,1708.8
0,25,173,91,1871.25,2245.502
1,58,142,59,1026.5,1411.44
1,49,140,57,1039,1246.8
1,21,168,60,1384,1902.997
0,46,170,90,1737.5,2693.127
0,22,170,61,1567.5,2703.935
0,29,165,85,1741.25,2089.502
1,41,152,63,1214,1669.25
0,22,170,76,1717.5,3263.251
0,22,152,98,1825,2190
0,55,165,42,1181.25,1417.502
0,23,165,65,1571.25,1885.502
1,21,152,55,1234,1480.8
1,22,160,47,1199,1438.8
1,24,160,53,1249,2373.099
0,22,185,84,1891.25,2269.502
1,23,160,77,1494,1792.8
0,29,165,84,1731.25,2380.469
0,22,163,58,1493.75,2315.313
1,28,152,55,1199,1438.8
0,23,178,83,1832.5,2199
1,21,155,53,1232.75,1910.76
1,24,155,78,1467.75,1761.298
0,21,168,79,1740,2088
0,24,168,84,1775,2130
0,23,160,112,2010,2412
0,22,168,90,1845,2214
0,23,168,60,1540,1848
1,28,173,55,1330.25,1596.302
0,25,165,50,1411.25,1693.502
0,17,175,80,1813.75,3128.723
0,24,183,74,1768.75,3360.625
0,29,168,94,1850,2543.756
1,22,160,55,1279,1534.8
1,43,157,110,1705.25,2046.302
1,50,165,110,1720.25,2064.298
1,28,152,52,1169,2221.105
1,21,157,45,1165.25,1398.302
1,23,157,50,1205.25,1446.302
0,28,152,81,1625,1950
1,48,142,80,1286.5,1543.8
0,23,163,102,1928.75,2314.498
0,25,163,109,1988.75,2386.498
0,32,168,50,1395,1674
1,56,152,72,1229,1474.8
1,22,160,58,1309,1570.8
1,23,163,68,1422.75,1707.298
0,48,160,90,1665,1998
0,21,152,95,1800,2160
1,29,145,95,1550.25,1860.302
0,23,157,74,1611.25,1933.502
0,23,173,76,1731.25,2380.469
0,48,173,82,1666.25,1999.502
0,28,155,85,1683.75,2020.498
0,25,157,88,1741.25,2089.502
0,22,180,138,2400,2880
0,62,165,96,1686.25,2023.502
1,20,135,52,1102.75,1323.298
0,39,165,101,1851.25,2221.502
0,30,173,82,1756.25,3336.873
0,28,155,88,1713.75,2056.498
1,22,142,95,1566.5,1879.8
0,23,173,77,1741.25,2089.502
0,23,170,98,1932.5,2995.378
1,21,155,49,1192.75,2266.225
0,28,175,72,1678.75,3189.625
0,22,170,58,1537.5,1845
1,21,173,55,1365.25,1638.302
0,21,168,60,1550,1860
0,23,168,94,1880,2256
0,24,170,90,1847.5,2540.313
0,28,165,78,1676.25,2598.182
1,23,160,65,1374,2129.702
0,22,180,134,2360,2832
1,22,152,54,1219,1462.8
1,19,168,46,1254,1504.8
1,29,140,57,1139,1566.124
0,25,160,77,1650,1980
0,22,163,75,1663.75,1996.498
0,24,168,68,1615,2503.254
0,23,170,67,1622.5,2230.941
0,39,157,88,1671.25,2005.502
1,25,168,47,1234,1480.8
1,43,142,79,1301.5,1561.8
1,23,178,60,1436.5,1723.8
1,20,137,56,1155.25,1386.302
1,29,173,66,1435.25,1722.302
0,20,163,45,1373.75,1648.498
1,23,170,74,1526.5,2366.073
0,23,160,90,1790,2148
1,23,160,90,1624,1948.8
0,23,170,80,1752.5,2103
1,16,155,55,1277.75,1533.298
0,23,168,75,1690,2323.75
0,23,165,59,1511.25,1813.502
1,23,152,68,1354,1624.8
1,30,150,68,1306.5,1796.437
1,22,150,55,1216.5,1459.8
1,37,147,59,1162.75,1598.785
0,24,173,102,1986.25,2731.092
0,28,175,122,2178.75,2614.498
0,22,157,108,1956.25,2347.502
1,25,155,65,1332.75,1832.528
0,31,168,50,1400,1680
0,22,173,100,1976.25,2717.342
1,23,160,60,1324,1588.8
0,22,178,73,1737.5,2389.059
0,39,165,106,1901.25,2281.502
0,20,165,71,1646.25,1975.502
0,39,155,87,1648.75,1978.498
0,39,168,99,1850,2220
0,19,180,58,1615,2785.87
0,28,178,80,1777.5,2444.065
0,25,168,70,1630,1956
0,28,170,96,1887.5,2595.31
1,56,152,71,1219,1462.8
1,21,155,48,1182.75,1419.298
0,22,183,79,1828.75,2194.498
1,22,152,56,1239,1486.8
0,23,163,68,1588.75,2184.534
0,25,163,68,1578.75,2170.779
0,24,165,48,1396.25,1675.502
0,22,163,79,1703.75,2044.498
0,33,170,102,1922.5,2307
1,22,168,101,1789,2146.8
1,22,157,45,1160.25,1595.342
1,50,140,73,1194,1432.8
1,20,168,48,1269,1522.8
0,49,157,88,1621.25,1945.502
1,60,155,79,1297.75,1557.298
0,52,178,92,1777.5,2133
1,21,157,74,1455.25,2255.64
0,24,165,49,1406.25,1687.502
1,32,140,80,1354,1624.8
0,23,175,82,1803.75,2164.498
1,32,157,76,1420.25,1704.302
1,23,157,57,1275.25,1530.302
1,25,160,65,1364,1636.8
1,37,160,46,1114,1336.8
0,29,168,91,1820,2502.501
1,21,163,45,1202.75,1443.298
0,28,173,125,2196.25,2635.502
0,52,168,50,1295,1554
1,29,152,100,1644,1972.8
1,21,160,55,1284,1540.8
1,23,163,48,1222.75,1467.298
1,26,155,89,1567.75,1881.298
1,22,170,48,1271.5,1525.8
1,37,155,100,1622.75,1947.298
0,21,170,76,1722.5,2368.44
0,22,160,50,1395,2650.498
0,25,160,85,1730,2076
1,27,152,94,1594,1912.8
1,48,145,99,1495.25,1794.302
0,24,180,65,1660,2573.003
0,23,165,73,1651.25,1981.502
0,23,163,107,1978.75,2374.498
1,31,142,81,1381.5,1657.8
0,25,165,50,1411.25,1693.502
0,26,168,135,2275,2730
0,23,173,56,1531.25,1837.502
0,21,170,64,1602.5,2203.44
1,22,163,51,1257.75,1509.298
1,24,137,55,1125.25,1350.302
0,24,180,85,1860,2232
1,23,157,48,1185.25,1422.302
1,21,163,60,1352.75,1623.298
0,23,178,60,1602.5,1923
1,20,155,56,1267.75,1743.157
1,22,160,60,1329,1594.8
1,30,170,65,1401.5,1681.8
0,24,175,82,1798.75,2788.059
0,22,173,75,1726.25,2071.502
1,25,168,92,1684,2020.8
1,22,155,49,1187.75,2256.724
1,23,155,67,1362.75,1635.298
1,36,140,86,1394,1672.8
1,30,152,95,1589,1906.8
0,22,165,98,1906.25,2287.502
1,23,155,42,1112.75,1335.298
1,23,160,90,1624,1948.8
0,24,168,116,2095,2514
0,24,163,110,2003.75,2404.498
0,22,163,55,1463.75,1756.498
0,22,175,65,1638.75,2253.277
0,25,173,54,1501.25,1801.502
1,39,137,80,1300.25,1560.302
0,25,168,50,1430,1716
0,21,168,76,1710,2052
1,22,163,50,1247.75,1715.661
0,21,175,80,1793.75,3094.221
0,21,178,72,1732.5,2079
1,24,152,65,1319,1582.8
0,22,168,66,1605,2487.753
0,24,165,70,1616.25,3070.87
1,22,170,70,1491.5,2311.825
0,27,175,116,2123.75,2548.498
1,23,152,43,1104,1324.8
0,22,175,60,1588.75,2462.557
1,21,142,55,1171.5,1610.818
1,22,152,50,1179,1414.8
0,20,168,70,1655,1986
0,23,170,56,1512.5,1815
1,28,157,95,1630.25,1956.302
1,29,168,108,1824,2188.8
1,30,140,85,1414,1696.8
1,28,157,76,1440.25,1728.302
0,28,175,82,1778.75,2445.782
0,25,168,95,1880,2256
0,30,175,107,2018.75,2775.782
0,22,178,89,1897.5,2609.065
0,21,173,51,1491.25,1789.502
0,29,155,108,1908.75,2290.498
0,25,155,103,1878.75,2254.498
0,40,157,90,1686.25,2023.502
0,21,173,110,2081.25,2497.502
1,24,152,54,1209,1873.953
0,24,170,81,1757.5,3339.244
0,35,163,111,1958.75,2350.498
1,22,155,95,1647.75,2265.658
0,23,165,109,2011.25,2413.502
0,30,165,98,1866.25,2239.502
1,46,147,72,1247.75,1497.298
0,26,173,93,1886.25,2923.684
1,49,157,68,1255.25,1506.302
0,21,175,75,1743.75,3313.13
1,20,155,54,1247.75,1497.298
0,18,165,112,2066.25,2479.502
0,34,165,50,1366.25,1639.502
0,25,183,68,1703.75,2044.498
1,24,157,72,1420.25,1704.302
1,21,157,58,1295.25,2460.972
0,28,173,90,1846.25,2538.596
0,26,175,108,2048.75,2458.498
0,23,168,92,1860,2557.502
0,20,163,68,1603.75,2205.157
0,52,168,50,1295,1554
0,27,165,72,1621.25,1945.502
0,21,170,85,1812.5,2492.185
1,25,157,75,1445.25,1734.302
1,16,152,48,1189,1426.8
1,22,170,58,1371.5,1645.8
0,27,180,109,2085,2866.87
1,45,142,57,1071.5,1473.31
0,23,178,110,2102.5,3626.818
0,24,178,126,2257.5,2709
1,20,163,49,1247.75,1497.298
1,29,152,76,1404,1684.8
0,46,168,52,1345,1614
1,35,155,77,1402.75,1683.298
1,20,163,63,1387.75,1908.157
1,27,152,74,1394,1672.8
0,22,160,108,1975,2370
0,34,160,96,1795,2154
1,23,140,72,1319,1582.8
0,27,170,51,1442.5,1731
1,28,145,87,1475.25,1770.302
0,23,168,74,1680,2604
1,22,160,63,1359,1630.8
0,25,173,73,1691.25,2029.502
0,25,157,89,1751.25,2101.502
1,21,147,40,1052.75,1447.531
0,23,175,66,1643.75,2260.163
1,21,155,56,1262.75,1515.298
0,21,165,56,1491.25,1789.502
0,22,168,56,1505,1806
0,43,178,90,1802.5,2478.443
0,23,170,75,1702.5,2340.935
1,21,135,45,1027.75,1233.298
0,23,170,74,1692.5,2031
1,28,157,45,1130.25,1356.302
0,22,163,110,2013.75,2416.498
0,23,168,67,1610,2213.756
1,20,157,42,1140.25,1368.302
0,18,165,47,1416.25,2195.185
0,28,170,53,1457.5,1749
0,27,163,45,1338.75,1606.498
1,58,160,78,1329,1594.8
0,24,165,119,2106.25,2527.502
0,23,178,73,1732.5,2079
0,29,173,51,1451.25,1741.502
1,23,163,50,1242.75,1491.298
1,27,165,100,1735.25,2082.298
1,23,163,91,1652.75,1983.298
1,18,145,72,1375.25,1650.302
0,23,163,49,1398.75,1678.498
1,18,163,45,1217.75,1461.298
1,41,145,101,1550.25,1860.302
0,24,170,58,1527.5,2100.31
1,22,173,80,1610.25,2214.095
0,21,165,104,1971.25,2710.469
1,18,155,83,1547.75,1857.298
1,30,160,45,1139,1366.8
1,24,155,63,1317.75,1581.298
0,26,168,89,1815,2178
0,17,168,55,1520,2888.003
1,22,152,75,1429,1714.8
0,25,168,117,2100,2520
0,29,165,97,1861.25,2233.502
0,23,165,65,1571.25,2435.437
0,23,157,45,1321.25,1585.502
1,49,157,45,1025.25,1230.302
1,27,168,45,1204,1444.8
1,16,160,60,1359,1630.8
0,22,165,63,1556.25,1867.502
1,55,142,110,1551.5,1861.8
0,30,165,107,1956.25,2347.502
1,47,160,105,1654,1984.8
0,17,168,70,1670,2296.25
0,29,165,98,1871.25,2245.502
0,37,165,102,1871.25,2245.502
1,22,135,71,1282.75,1539.298
1,25,155,87,1552.75,1863.298
1,22,130,57,1111.5,1722.819
1,39,152,63,1224,1683
0,25,180,65,1655,2565.248
1,22,160,60,1329,1594.8
0,35,173,55,1461.25,1753.502
0,22,180,81,1830,3477
0,20,173,68,1666.25,1999.502
0,39,152,92,1680,2016
0,25,168,65,1580,1896
0,15,165,78,1741.25,2089.502
0,18,163,43,1363.75,1636.498
1,22,160,70,1429,2715.099
0,34,163,99,1843.75,2212.498
0,23,180,63,1645,2549.756
0,23,170,65,1602.5,2203.44
0,23,165,75,1671.25,2005.502
1,50,163,49,1097.75,1317.298
0,22,173,75,1726.25,2675.69
0,24,165,88,1796.25,2155.502
0,22,180,98,2000,2750.003
1,22,168,150,2279,2734.8
0,23,175,56,1543.75,1852.498
1,23,157,45,1155.25,1386.302
0,22,170,76,1717.5,2061
0,25,178,132,2312.5,2775
0,48,173,55,1396.25,1675.502
0,43,155,87,1628.75,1954.498
1,22,142,54,1156.5,1387.8
0,23,165,49,1411.25,1693.502
0,33,173,105,1971.25,2365.502
1,36,142,92,1466.5,1759.8
1,23,165,57,1325.25,1590.302
1,29,142,92,1501.5,1801.8
0,21,168,69,1640,3116.003
0,22,165,53,1456.25,1747.502
0,47,157,67,1421.25,1705.502
1,22,160,42,1149,1378.8
1,23,163,58,1322.75,1587.298
1,35,142,73,1281.5,1537.8
0,22,168,80,1745,3315.505
0,40,173,54,1426.25,1711.502
0,22,165,55,1476.25,2029.837
1,39,163,49,1152.75,1383.298
0,33,163,99,1848.75,2218.498
0,36,168,85,1725,2975.628
0,23,175,98,1963.75,2700.157
0,27,168,50,1420,1704
1,21,157,58,1295.25,1554.302
0,22,165,78,1706.25,2047.502
0,23,173,80,1771.25,2435.466
0,21,183,70,1743.75,2092.498
0,22,188,98,2050,2460
0,32,163,99,1853.75,2224.498
1,18,163,50,1267.75,1521.298
1,27,137,72,1280.25,1536.302
0,23,175,60,1583.75,3009.124
0,19,180,86,1895,2274
0,50,155,88,1603.75,1924.498
1,20,132,76,1324,1588.8
0,22,180,97,1990,2388
1,21,152,62,1304,1564.8
0,23,168,46,1400,1680
0,22,165,113,2056.25,2467.502
1,26,145,85,1465.25,1758.302
0,25,160,42,1300,1560
0,24,163,70,1603.75,2205.157
1,23,165,111,1865.25,2238.298
1,22,160,38,1109,1330.8
1,21,175,70,1527.75,2100.658
0,20,173,53,1516.25,1819.502
0,22,175,69,1678.75,2014.498
0,21,178,120,2212.5,2655
0,23,163,89,1798.75,2473.283
0,24,165,119,2106.25,2527.502
0,23,165,57,1491.25,1789.502
1,23,160,63,1354,1861.75
1,19,152,72,1414,1696.8
1,22,160,62,1349,2090.95
0,22,163,47,1383.75,1660.498
0,22,163,86,1773.75,2438.905
0,29,170,104,1962.5,2355
1,45,157,88,1475.25,1770.302
0,23,173,67,1641.25,1969.502
0,28,152,88,1695,2034
0,21,157,66,1541.25,1849.502
1,52,152,69,1219,1462.8
1,23,157,78,1485.25,1782.302
0,26,175,105,2018.75,3129.062
0,31,160,117,2020,2424
1,21,163,46,1212.75,1455.298
0,21,168,62,1570,1884
0,23,168,91,1850,2543.756
0,22,170,85,1807.5,2169
1,20,163,85,1607.75,1929.298
1,28,155,75,1417.75,1701.298
1,27,152,95,1604,1924.8
0,18,163,79,1723.75,2068.498
0,22,175,80,1788.75,2146.498
1,23,157,55,1255.25,2384.975
0,28,168,60,1515,1818
0,20,165,77,1706.25,2346.095
0,28,170,50,1427.5,1713
0,25,157,45,1311.25,1573.502
0,21,165,60,1531.25,2373.443
1,28,140,71,1284,1540.8
0,19,168,105,2010,2412
0,23,180,70,1715,2358.124
1,31,150,50,1121.5,1934.582
1,48,140,71,1184,1420.8
1,24,152,65,1319,1813.622
1,21,145,80,1440.25,1728.302
1,33,155,100,1642.75,1971.298
1,37,155,98,1602.75,1923.298
1,16,160,80,1559,1870.8
0,23,170,100,1952.5,2684.69
0,22,180,65,1670,2296.25
0,30,173,63,1566.25,1879.502
1,49,157,83,1405.25,1686.302
1,56,155,62,1147.75,1377.298
1,23,155,98,1672.75,2007.298
1,32,140,56,1114,1726.705
0,25,173,51,1471.25,1765.502
1,22,145,66,1295.25,1554.302
1,30,163,45,1157.75,1389.298
0,20,157,88,1766.25,2119.502
0,27,173,94,1891.25,2269.502
1,28,142,79,1376.5,1651.8
1,21,157,56,1275.25,1530.302
1,22,157,50,1210.25,1664.098
1,18,160,78,1529,1834.8
0,23,175,78,1763.75,3351.124
0,21,160,42,1320,1584
1,21,152,64,1324,1588.8
1,23,155,79,1482.75,1779.298
0,28,157,87,1716.25,2059.502
0,25,160,105,1930,2316
1,28,142,88,1466.5,1759.8
0,26,142,65,1412.5,2189.375
0,23,173,101,1981.25,2377.502
0,22,165,55,1476.25,1771.502
0,22,170,56,1517.5,2086.56
1,23,155,89,1582.75,1899.298
1,23,155,40,1092.75,1311.298
0,23,165,115,2071.25,2485.502
1,31,152,73,1364,1636.8
0,23,180,93,1945,3355.121
0,59,168,80,1560,2964
0,70,168,77,1475,1770
0,22,185,87,1921.25,2305.502
0,17,170,68,1662.5,1995
0,21,175,70,1693.75,2032.498
0,26,163,103,1923.75,2308.498
0,34,152,83,1615,1938
1,20,152,48,1169,1402.8
0,24,163,42,1323.75,1588.498
1,27,165,87,1605.25,1926.302
0,22,165,50,1426.25,1711.502
1,49,145,100,1500.25,1800.302
0,21,163,55,1468.75,1762.498
0,26,170,69,1627.5,2237.818
0,26,168,92,1845,2536.87
0,25,155,114,1988.75,2386.498
0,28,160,50,1365,1638
0,29,173,52,1461.25,1753.502
0,20,165,41,1346.25,1615.502
0,21,180,83,1855,2226
1,24,160,47,1189,1426.8
0,25,168,102,1950,2340
0,22,168,70,1645,1974
0,20,168,45,1405,1686
0,20,170,52,1487.5,1785
1,22,165,52,1280.25,1536.302
1,27,157,77,1455.25,1746.302
0,36,157,89,1696.25,2035.502
1,25,163,42,1152.75,1383.298
1,22,155,64,1337.75,1605.298
0,16,173,85,1856.25,2552.342
0,24,168,59,1525,1830
1,36,152,82,1429,1714.8
1,34,155,46,1097.75,1317.298
1,22,160,80,1529,1834.8
1,20,168,85,1639,2253.625
1,30,145,74,1335.25,1602.302
1,22,160,51,1239,1486.8
0,38,160,91,1725,2070
0,28,157,90,1746.25,2095.502
0,23,168,88,1820,2502.501
1,22,163,56,1307.75,1569.298
1,26,142,60,1196.5,1435.8
0,29,152,79,1600,1920
0,33,168,49,1380,1656
0,25,168,126,2190,2628
1,21,163,40,1152.75,1383.298
0,23,160,81,1700,2040
1,27,168,56,1314,1576.8
0,28,183,140,2408.75,2890.498
1,21,160,56,1294,1552.8
1,24,160,63,1349,2563.105
1,25,165,70,1445.25,2240.135
0,43,160,68,1470,1764
0,35,165,49,1351.25,1621.502
0,30,170,94,1857.5,2229
0,22,168,65,1595,1914
1,41,140,70,1209,1450.8
1,20,165,65,1420.25,2201.388
1,22,145,88,1515.25,1818.302
1,21,157,52,1235.25,1914.637
0,24,173,95,1916.25,2634.84
0,26,170,91,1847.5,2217
1,25,165,58,1325.25,1590.302
0,23,180,65,1665,3163.502
1,27,160,94,1644,1972.8
1,24,152,98,1649,1978.8
1,27,157,74,1425.25,1710.302
0,38,173,108,1976.25,2371.502
0,31,165,47,1351.25,1621.502
0,21,170,111,2072.5,2487
0,23,183,86,1893.75,2603.905
0,23,175,66,1643.75,2260.163
0,23,163,45,1358.75,1630.498
0,22,185,84,1891.25,2269.502
0,22,168,50,1445,1734
0,23,180,79,1805,2166
0,29,168,64,1550,2131.25
0,21,165,73,1661.25,3156.372
0,24,157,114,2006.25,2407.502
1,39,163,47,1132.75,1359.298
1,25,168,64,1404,1684.8
1,18,165,47,1250.25,1719.095
0,22,178,92,1927.5,2313
0,16,173,81,1816.25,3450.873
1,27,152,63,1284,1540.8
1,53,152,76,1284,1540.8
0,23,170,63,1582.5,1899
1,38,152,96,1559,1870.8
0,23,165,87,1791.25,2149.502
1,51,157,78,1345.25,1614.302
0,30,173,99,1926.25,2648.59
1,21,160,58,1314,1576.8
1,26,157,59,1280.25,2208.43
1,45,142,110,1601.5,1921.8
1,27,157,75,1435.25,1722.302
1,28,163,55,1267.75,1521.298
0,21,168,45,1400,1680
0,23,168,84,1780,2136
0,22,157,88,1756.25,2107.502
0,26,178,76,1747.5,2708.628
0,24,180,80,1810,2172
1,23,152,65,1324,1588.8
0,20,180,76,1790,2148
0,22,168,52,1465,1758
0,22,178,73,1737.5,2389.059
1,24,163,54,1277.75,1533.298
0,50,173,110,1936.25,2323.502
0,19,173,73,1721.25,2969.16
0,37,155,88,1668.75,2002.498
1,25,145,93,1550.25,1860.302
0,23,168,47,1410,1692
1,27,152,71,1364,1636.8
0,22,160,98,1875,2250
1,40,145,75,1295.25,1554.302
0,23,173,75,1721.25,2065.502
0,21,180,69,1715,2058
1,33,152,99,1614,1936.8
0,28,165,50,1396.25,1675.502
1,29,157,68,1355.25,2337.807
0,25,165,80,1711.25,3251.375
1,22,145,65,1285.25,1542.302
0,25,160,41,1290,1548
1,49,165,47,1095.25,1505.967
1,31,155,77,1422.75,1707.298
0,25,163,75,1648.75,2555.557
0,27,170,48,1412.5,2683.75
0,22,175,120,2188.75,3009.534
1,22,163,56,1307.75,1798.163
0,30,175,128,2228.75,2674.498
1,25,152,93,1594,1912.8
1,22,163,85,1597.75,2196.902
1,26,165,70,1440.25,2484.43
0,23,165,85,1771.25,2125.502
0,23,175,78,1763.75,2425.163
1,15,163,52,1302.75,2019.265
1,43,135,77,1237.75,1701.902
1,35,165,70,1395.25,2162.64
0,25,163,110,1998.75,2398.498
1,21,165,69,1455.25,1746.302
0,25,157,102,1881.25,2257.502
1,21,155,80,1502.75,1803.298
0,25,165,65,1561.25,2693.16
0,25,165,117,2081.25,2497.502
0,30,157,89,1726.25,2071.502
0,28,157,94,1786.25,2143.502
0,24,155,112,1973.75,2368.498
1,26,168,65,1409,2183.95
0,24,165,91,1826.25,2191.502
0,33,165,50,1371.25,1645.502
0,20,155,43,1303.75,1564.498
1,26,142,95,1546.5,1855.8
1,21,152,43,1114,1726.705
1,20,147,36,1017.75,1399.407
0,24,165,119,2106.25,2527.502
1,32,163,46,1157.75,1389.298
0,65,165,67,1381.25,2624.375
0,24,165,47,1386.25,1663.502
0,53,160,85,1590,1908
0,23,178,90,1902.5,2948.876
1,22,155,85,1547.75,1857.298
1,32,145,63,1215.25,1458.302
1,38,155,75,1367.75,1641.298
0,25,165,112,2031.25,2437.502
1,20,145,71,1355.25,1626.302
0,27,168,63,1550,2402.495
1,23,168,46,1234,1480.8
0,24,163,45,1353.75,1624.498
0,25,170,80,1742.5,2700.873
0,22,180,80,1820,2502.501
0,24,178,92,1917.5,2301
1,24,160,60,1319,2044.448
0,22,173,51,1486.25,1783.502
1,21,155,57,1272.75,2195.495
1,40,173,67,1390.25,1911.596
0,22,163,82,1733.75,2080.498
0,22,157,114,2016.25,2419.502
0,22,175,78,1768.75,2122.498
0,50,163,60,1373.75,1648.498
1,21,163,45,1202.75,1443.298
1,22,168,49,1269,1522.8
1,21,163,65,1402.75,1683.298
1,26,160,46,1169,1607.375
1,25,145,90,1520.25,1824.302
0,25,168,40,1330,1596
0,28,178,126,2237.5,3076.56
0,30,168,47,1375,1650
0,24,165,98,1896.25,2275.502
0,23,165,45,1371.25,1645.502
0,24,157,100,1866.25,2239.502
0,22,173,86,1836.25,2203.502
0,46,170,53,1367.5,1641
0,25,157,103,1891.25,2269.502
1,32,152,40,1029,1234.8
0,23,165,65,1571.25,1885.502
1,37,157,79,1425.25,1710.302
0,25,173,63,1591.25,1909.502
0,27,170,98,1912.5,2295
1,22,157,48,1190.25,1428.302
0,22,145,69,1491.25,2050.469
1,22,168,73,1509,1810.8
0,23,160,85,1740,2392.498
1,29,152,77,1414,1696.8
0,28,165,50,1396.25,1675.502
0,23,178,87,1872.5,2247
0,23,180,89,1905,3619.502
0,21,168,55,1500,1800
0,22,170,99,1947.5,2337
0,24,170,99,1937.5,2325
0,23,165,50,1421.25,1705.502
1,38,137,91,1415.25,1698.302
0,22,168,45,1395,1674
0,22,173,70,1676.25,2011.502
1,22,152,47,1149,2183.102
0,28,168,72,1635,1962
0,20,178,84,1857.5,2229
0,30,168,85,1755,2413.13
1,27,163,70,1422.75,1707.298
0,29,163,45,1328.75,1594.498
0,24,165,75,1666.25,1999.502
0,24,163,43,1333.75,1600.498
1,27,145,95,1560.25,1872.302
0,23,173,62,1591.25,1909.502
0,23,160,76,1650,1980
0,25,163,97,1868.75,2242.498
0,29,168,91,1820,2184
1,23,155,42,1112.75,1335.298
0,27,170,78,1712.5,2055
0,23,163,79,1698.75,2335.779
1,33,155,69,1332.75,1599.298
0,22,180,65,1670,2004
0,43,175,90,1783.75,3389.127
1,22,170,73,1521.5,1825.8
0,23,173,55,1521.25,2091.72
1,45,155,65,1232.75,1479.298
0,24,163,45,1353.75,1624.498
0,24,163,109,1993.75,2392.498
1,20,157,52,1240.25,1705.345
0,21,175,71,1703.75,2044.498
0,22,175,115,2138.75,2566.498
1,35,130,68,1156.5,1387.8
1,25,152,93,1594,1912.8
0,24,163,115,2053.75,2464.498
0,19,152,94,1800,2160
0,22,168,70,1645,1974
0,23,160,40,1290,1548
0,23,168,119,2130,2556
0,25,165,90,1811.25,2490.472
1,22,142,83,1446.5,1735.8
1,28,145,95,1555.25,1866.302
1,34,163,68,1367.75,2359.37
1,36,142,96,1506.5,1807.8
1,21,155,48,1182.75,2247.219
1,22,165,65,1410.25,2432.677
1,20,165,70,1470.25,1764.302
0,17,170,56,1542.5,2930.756
1,42,155,64,1237.75,1485.298
0,20,178,67,1687.5,2320.316
0,23,170,92,1872.5,2574.687
0,23,178,72,1722.5,3272.756
0,28,173,75,1696.25,2629.188
1,21,157,57,1285.25,1767.215
0,20,178,85,1867.5,2241
0,32,160,118,2025,2430
0,25,163,102,1918.75,2302.498
1,43,165,87,1525.25,1830.302
0,24,175,85,1828.75,2834.557
0,20,168,51,1465,1758
1,18,165,85,1630.25,1956.302
0,23,183,99,2023.75,2428.498
0,23,178,63,1632.5,2530.378
0,37,157,102,1821.25,2185.502
0,20,170,45,1417.5,1701
0,23,170,68,1632.5,2816.065
1,22,152,58,1259,1510.8
1,29,142,80,1381.5,1657.8
1,22,157,45,1160.25,1392.302
1,20,157,55,1270.25,1524.302
0,25,165,90,1811.25,2490.472
0,19,160,69,1600,2199.997
1,22,152,58,1259,1510.8
1,24,157,90,1600.25,1920.302
1,25,168,64,1404,1684.8
0,24,180,94,1950,2340
0,58,155,88,1563.75,1876.498
0,23,173,93,1901.25,2281.502
0,21,168,45,1400,1680
0,24,165,45,1366.25,1639.502
0,20,173,98,1966.25,2359.502
0,22,173,80,1776.25,2753.185
0,22,180,86,1880,3572.003
0,25,168,49,1420,1704
0,20,165,80,1736.25,2387.342
0,23,175,126,2243.75,2692.498
0,18,155,99,1873.75,2248.498
1,15,155,56,1292.75,1551.298
0,20,160,97,1875,2250
0,25,175,70,1673.75,2301.41
0,23,168,50,1440,1728
0,25,170,103,1972.5,2367
0,23,163,112,2028.75,2434.498
0,30,175,96,1908.75,2624.528
0,33,178,95,1902.5,2615.938
1,47,140,54,1019,1222.8
0,30,173,50,1436.25,1723.502
0,30,175,115,2098.75,2518.498
0,28,170,50,1427.5,1713
1,22,157,40,1110.25,1332.302
1,24,163,42,1157.75,1389.298
1,24,155,60,1287.75,1545.298
1,29,157,99,1665.25,1998.302
0,22,183,69,1728.75,3284.628
1,19,168,45,1244,1492.8
0,23,168,66,1600,3039.997
0,21,183,69,1733.75,2990.723
0,23,165,86,1781.25,2449.221
0,44,180,86,1770,2743.502
0,27,157,67,1521.25,1825.502
1,34,160,45,1119,1342.8
0,23,175,73,1713.75,2056.498
1,60,157,79,1310.25,1572.302
1,25,160,67,1384,2629.597
0,22,188,78,1850,2543.756
1,21,155,57,1272.75,1972.763
0,45,170,68,1522.5,2093.437
1,20,155,92,1627.75,2238.157
0,37,152,91,1680,2016
1,19,152,49,1184,2042.4
1,26,168,49,1249,1498.8
1,22,152,76,1439,1726.8
0,23,165,75,1671.25,2590.44
1,25,152,75,1414,1696.8
1,24,152,95,1619,1942.8
0,22,170,57,1527.5,2902.25
0,23,165,53,1451.25,1741.502
1,27,160,96,1664,1996.8
1,42,155,99,1587.75,1905.298
1,42,137,72,1205.25,1446.302
0,18,163,54,1473.75,1768.498
1,20,168,70,1489,1786.8
0,24,175,70,1678.75,2895.84
1,39,160,41,1054,1264.8
0,15,168,62,1600,2199.997
1,39,163,80,1462.75,1755.298
1,31,175,83,1607.75,1929.298
1,20,163,47,1227.75,1473.298
0,25,160,69,1570,1884
1,26,168,45,1209,1450.8
0,34,155,88,1683.75,2020.498
1,22,155,45,1147.75,1377.298
1,40,152,82,1409,1690.8
0,27,168,98,1900,2280
1,34,122,43,861.5,1033.8
0,55,165,77,1531.25,1837.502
1,20,163,55,1307.75,2255.872
0,24,173,55,1516.25,1819.502
0,44,165,103,1846.25,2215.502
1,20,152,65,1339,1606.8
1,26,140,55,1134,1360.8
0,25,173,95,1911.25,2293.502
0,56,173,53,1336.25,1603.502
0,21,170,66,1622.5,1947
0,22,183,78,1818.75,2500.779
0,22,178,50,1507.5,1809
1,21,160,64,1374,2129.702
1,21,165,90,1665.25,1998.302
1,22,160,70,1429,1714.8
0,46,173,107,1926.25,2311.502
0,23,175,69,1673.75,2008.498
0,23,155,103,1888.75,2266.498
0,25,165,47,1381.25,1657.502
1,27,157,45,1135.25,1362.302
0,33,168,51,1400,1680
1,32,160,47,1149,1378.8
1,22,145,94,1575.25,1890.302
0,23,185,96,2006.25,2758.593
1,26,163,45,1177.75,1413.298
0,21,157,70,1581.25,2174.218
1,18,155,79,1507.75,1809.298
0,24,168,94,1875,2250
1,30,157,100,1670.25,2004.302
0,25,165,45,1361.25,1633.502
1,47,142,75,1241.5,1489.8
1,29,152,90,1544,1852.8
1,28,155,89,1557.75,1869.298
0,23,163,62,1528.75,2102.036
1,19,157,76,1485.25,1782.302
0,22,173,52,1496.25,1795.502
0,39,168,50,1360,1632
0,38,168,108,1945,2334
0,20,168,78,1735,2385.625
1,26,152,70,1359,1868.619
0,22,173,74,1716.25,2660.185
0,21,165,53,1461.25,1753.502
0,28,160,69,1555,1866
0,22,168,57,1515,2348.251
1,20,165,76,1530.25,2371.887
1,18,152,94,1639,1966.8
0,23,173,59,1561.25,1873.502
1,42,163,69,1337.75,1605.298
1,25,145,59,1210.25,1664.098
0,20,175,96,1958.75,3036.062
1,25,173,57,1365.25,1638.302
1,21,155,55,1252.75,2160.993
0,24,168,70,1635,1962
1,22,135,53,1102.75,1516.283
0,25,163,47,1368.75,1642.498
1,22,157,56,1270.25,1524.302
1,24,163,75,1487.75,2045.661
0,30,173,90,1836.25,2203.502
0,43,168,74,1580,2448.997
1,25,155,75,1432.75,1719.298
0,21,165,55,1481.25,1777.502
1,23,160,70,1424,1708.8
0,21,175,71,1703.75,2044.498
0,23,165,49,1411.25,1693.502
1,30,147,60,1207.75,1449.298
0,24,165,74,1656.25,1987.502
0,30,157,115,1986.25,2383.502
0,20,165,44,1376.25,1651.502
1,27,160,97,1674,2008.8
0,22,185,84,1891.25,2269.502
0,22,157,64,1516.25,2084.843
1,22,165,55,1310.25,1572.302
1,22,145,86,1495.25,2055.964
0,25,155,80,1648.75,1978.498
1,28,152,60,1249,1498.8
1,21,157,49,1205.25,2289.972
1,37,163,47,1142.75,1371.298
0,22,173,101,1986.25,2731.092
1,18,152,49,1189,1426.8
1,47,140,72,1199,1438.8
0,24,165,110,2016.25,2419.502
1,24,157,45,1150.25,1380.302
1,25,157,75,1445.25,1734.302
1,25,152,89,1554,1864.8
0,26,165,50,1406.25,1687.502
1,26,155,87,1547.75,1857.298
1,22,160,43,1159,1390.8
0,25,155,40,1248.75,1498.498
1,22,170,74,1531.5,2641.837
0,21,168,49,1440,1728
0,27,165,114,2041.25,2449.502
0,22,173,85,1826.25,2830.684
0,24,147,69,1493.75,2315.313
0,24,165,120,2116.25,2539.502
1,25,147,54,1172.75,1407.298
0,22,170,65,1607.5,2210.313
1,22,160,96,1689,2026.8
0,27,170,70,1632.5,2530.378
1,22,152,73,1409,1690.8
0,18,163,41,1343.75,1612.498
0,22,160,118,2075,2490
0,24,175,79,1768.75,3360.625
0,28,168,88,1795,2154
0,15,160,49,1420,2697.997
